{
  "metadata": {
    "size": 100,
    "grid_size": 100,
    "objects_count": 0,
    "npcs_count": 3
  },
  "player_start": {
    "x": 40.64102564102564,
    "z": 12.166666666666664,
    "y": 1.0,
    "rot": 127
  },
  "objects": [],
  "npcs": [
    {
      "type": "npc",
      "x": -42.820512820512825,
      "z": 45.83333333333333,
      "y": 0,
      "scale": 2.0,
      "rot": 0
    },
    {
      "type": "npc",
      "x": -38.71794871794872,
      "z": -18.500000000000007,
      "y": 0,
      "scale": 2.0,
      "rot": 0
    },
    {
      "type": "npc",
      "x": -37.05128205128205,
      "z": 3.166666666666668,
      "y": 0,
      "scale": 2.0,
      "rot": 0
    }
  ]
}