{
  "metadata": {
    "size": 100,
    "grid_size": 100,
    "objects_count": 2,
    "npcs_count": 0
  },
  "player_start": {
    "x": 0.0,
    "y": 1.0,
    "z": 0.0,
    "rot": 0
  },
  "objects": [
    {
      "type": "stone",
      "x": 4.791101932525635,
      "y": 1.0,
      "z": 8.28296947479248,
      "scale": 1.5,
      "rot": -0.0
    },
    {
      "type": "cottage",
      "x": 13.05506706237793,
      "y": 1.0,
      "z": 4.25584602355957,
      "scale": 5,
      "rot": -0.0
    }
  ],
  "npcs": []
}